state,year,Exportaciones totales,Industria alimentaria,Industria de las bebidas y el tabaco,Fabricación de insumos textiles y acabado de textiles,"Fabricación de productos textiles, excepto prendas de vestir",Fabricación de prendas de vestir,Industria del papel,Industria química,Industria del plástico y del hule,Fabricación de productos a base de minerales no metálicos,Industrias metálicas básicas,Fabricación de productos metálicos,Fabricación de maquinaria y equipo,"Fabricación de equipo de computación, comunicación, medición y de otros equipos, componentes y accesorios electrónicos",Fabricación de equipo de transporte,"Fabricación de muebles, colchones y persianas",Otras industrias manufactureras,Subsectores no especificados,"Minería de minerales metálicos y no metálicos, excepto petróleo y gas","Curtido y acabado de cuero y piel, y fabricación de productos de cuero, piel y materiales sucedáneos",Industria de la madera,Impresión e industrias conexas,"Fabricación de accesorios, aparatos eléctricos y equipo de generación de energía eléctrica",Extracción de petróleo y gas,Fabricación de productos derivados del petróleo y del carbón
Aguascalientes,2007,4389841,36351,NA,1920,NA,197076,NA,3295,6136,8448,NA,8144,42024,420432,3648453,NA,2037,15525,NA,NA,NA,NA,NA,NA,NA
Aguascalientes,2008,4456893,44880,NA,NA,8662,235878,3710,4072,15193,47484,NA,5782,44467,505006,3515760,NA,3949,22049,NA,NA,NA,NA,NA,NA,NA
Aguascalientes,2009,3951108,54269,NA,NA,12466,237635,2510,4869,1749,69866,NA,3776,9584,663059,2801452,4678,26865,58331,NA,NA,NA,NA,NA,NA,NA
Aguascalientes,2010,5647929,56695,NA,4433,14636,252610,NA,6488,3405,95227,NA,6433,31986,895390,4192334,6825,8414,73051,NA,NA,NA,NA,NA,NA,NA
Aguascalientes,2011,6051640,74756,0,4700,NA,276583,NA,5950,6894,73052,NA,7546,41444,898544,4550877,NA,16454,94840,NA,NA,NA,NA,NA,NA,NA
Aguascalientes,2012,6183782,92580,NA,5843,NA,215002,NA,7500,5063,79030,NA,6647,46991,908028,4749144,NA,18374,49580,NA,NA,NA,NA,NA,NA,NA
Aguascalientes,2013,6726207,99725,0,3614,NA,179165,NA,12147,6426,104135,NA,8494,28262,940387,5229090,NA,21269,93494,NA,NA,NA,NA,NA,NA,NA
Aguascalientes,2014,8466007,106988,0,1260,NA,181832,NA,12792,7539,105912,NA,12644,45344,1067080,6805760,NA,24767,94090,NA,NA,NA,NA,NA,NA,NA
Aguascalientes,2015,8495445,117028,NA,1796,NA,183188,NA,11532,16424,105762,132,10967,41210,1028529,6860731,NA,26112,92033,NA,NA,NA,NA,NA,NA,NA
Aguascalientes,2016,7870962,106119,NA,NA,NA,182011,NA,14701,15097,79073,1013,7751,28363,964974,6369339,NA,22153,80369,NA,NA,NA,NA,NA,NA,NA
Aguascalientes,2017,7830019,108958,NA,NA,NA,161844,NA,14492,11479,70302,2773,53820,28080,987418,6273466,NA,21743,95643,NA,NA,NA,NA,NA,NA,NA
Aguascalientes,2018,9618407,116315,NA,NA,NA,191112,NA,14990,11493,81294,3157,67730,26917,1073152,7927159,NA,24721,80368,NA,NA,NA,NA,NA,NA,NA
Baja California,2007,31858677,119282,17237,32529,17893,348823,220467,57407,531226,206810,90746,1753575,730165,20821221,2094398,724390,2674505,36588,NA,NA,81026,39849,1260537,NA,NA
Baja California,2008,32988913,118232,103539,40329,17301,350484,191364,49891,598185,208156,133332,1553075,651290,21236670,2304420,664584,2945327,45931,NA,NA,73914,48956,1653934,NA,NA
Baja California,2009,26741828,112519,81445,37869,36692,338599,127906,70300,542274,189319,76539,1234678,323344,16546315,2125355,488200,2781960,39592,NA,NA,46050,98903,1443969,NA,NA
Baja California,2010,28882194,112461,74273,46694,14722,327555,168088,79967,590756,244841,88294,1335891,698677,16693116,2676655,580118,3228897,37955,NA,21666,28138,116276,1717154,NA,NA
Baja California,2011,30151512,134676,78357,26617,21993,340166,133723,278716,656415,272142,177180,1534355,968572,16428992,3444019,560781,3462348,52297,NA,25788,19649,139595,1395132,NA,NA
Baja California,2012,31663051,152449,100612,NA,23254,305262,155870,330995,728076,309627,179042,1680666,1047422,16650202,4039805,576161,3533761,35364,0,36191,24394,223990,1529907,NA,NA
Baja California,2013,32229572,131523,101442,7114,21386,289333,181234,335980,789093,330813,124084,1773741,1105497,16427192,4338324,646201,3711879,52634,NA,20098,23040,249732,1569230,NA,NA
Baja California,2014,35002851,121725,127870,NA,20657,311348,195509,340746,861627,333018,124736,1863387,1472621,16779587,4779392,694072,4466856,75378,NA,20279,26347,219580,2168116,NA,NA
Baja California,2015,38441997,132109,117168,NA,39444,293630,224112,399528,935573,299870,143108,1985404,1899686,18450288,5201959,758283,4778639,92703,NA,19027,25691,235562,2410213,NA,NA
Baja California,2016,35997279,144608,120403,NA,41192,329275,209833,323013,1066861,292136,158702,2020704,1864949,15023816,5356568,720997,5413595,107603,NA,21031,32309,254929,2494754,NA,NA
Baja California,2017,36315716,269082,120908,NA,61654,269661,216374,317436,1079706,248008,194167,2135710,2012821,14540585,5532541,795438,5567365,97326,NA,25592,63012,236713,2531617,NA,NA
Baja California,2018,38661917,265712,132333,NA,53651,330276,233554,340966,1088897,275253,222374,2354310,2257314,14082104,7388688,857318,5958241,79891,NA,27657,73575,257274,2382531,NA,NA
Baja California Sur,2007,148998,37269,NA,NA,NA,NA,NA,NA,NA,NA,NA,NA,NA,NA,NA,NA,NA,111729,NA,NA,NA,NA,NA,NA,NA
Baja California Sur,2008,183756,40854,NA,NA,NA,NA,NA,NA,NA,19,NA,NA,NA,NA,NA,NA,NA,142882,NA,NA,NA,NA,NA,NA,NA
Baja California Sur,2009,165275,30522,NA,NA,NA,NA,NA,NA,NA,27,NA,NA,NA,NA,NA,NA,NA,134727,NA,NA,NA,NA,NA,NA,NA
Baja California Sur,2010,190834,45901,NA,NA,NA,NA,NA,NA,NA,NA,NA,NA,NA,NA,NA,NA,NA,1022,143911,NA,NA,NA,NA,NA,NA
Baja California Sur,2011,174854,36019,NA,NA,NA,NA,NA,NA,NA,NA,NA,NA,NA,NA,NA,NA,NA,138835,NA,NA,NA,NA,NA,NA,NA
Baja California Sur,2012,169198,30869,NA,NA,NA,NA,NA,NA,NA,NA,NA,NA,NA,NA,NA,NA,NA,138329,NA,NA,NA,NA,NA,NA,NA
Baja California Sur,2013,177216,31042,NA,NA,NA,NA,NA,NA,NA,162,NA,NA,NA,NA,NA,NA,NA,146012,NA,NA,NA,NA,NA,NA,NA
Baja California Sur,2014,182855,30295,NA,NA,NA,NA,NA,NA,NA,46,NA,NA,NA,NA,NA,NA,NA,834,151680,NA,NA,NA,NA,NA,NA
Baja California Sur,2015,199662,26630,NA,NA,NA,NA,NA,NA,NA,1,NA,NA,NA,NA,NA,NA,NA,1676,171356,NA,NA,NA,NA,NA,NA
Baja California Sur,2016,237515,11132,NA,NA,NA,NA,NA,NA,NA,69,NA,NA,NA,NA,NA,NA,NA,1651,224662,NA,NA,NA,NA,NA,NA
Baja California Sur,2017,249573,12912,NA,NA,NA,NA,NA,NA,NA,NA,NA,NA,NA,NA,NA,NA,NA,1928,234732,NA,NA,NA,NA,NA,NA
Baja California Sur,2018,223755,7411,NA,NA,NA,NA,NA,NA,NA,NA,NA,NA,NA,NA,NA,NA,NA,8541,207803,NA,NA,NA,NA,NA,NA
Campeche,2007,29051551,8066,NA,NA,NA,200835,NA,NA,NA,NA,NA,NA,NA,NA,NA,NA,NA,10396,NA,NA,NA,NA,NA,28832254,NA
Campeche,2008,31837812,NA,NA,NA,NA,179702,NA,NA,NA,NA,NA,NA,NA,NA,NA,NA,NA,18783,NA,NA,NA,NA,NA,31639326,NA
Campeche,2009,17593023,NA,NA,NA,NA,165333,NA,NA,NA,NA,NA,NA,NA,NA,NA,NA,NA,10145,NA,NA,NA,NA,NA,17417546,NA
Campeche,2010,23556375,8851,NA,NA,NA,197515,NA,NA,NA,NA,NA,NA,NA,NA,NA,NA,NA,2975,NA,NA,NA,NA,NA,23347034,NA
Campeche,2011,31335437,15361,NA,NA,NA,208575,NA,NA,NA,NA,NA,NA,NA,NA,NA,NA,NA,1726,NA,NA,NA,NA,NA,31109774,NA
Campeche,2012,29394573,20107,NA,NA,NA,190132,NA,NA,NA,NA,NA,NA,NA,NA,NA,NA,NA,2719,NA,NA,NA,NA,NA,29181614,NA
Campeche,2013,27136525,25714,NA,NA,NA,199480,NA,NA,NA,NA,NA,NA,NA,NA,NA,NA,NA,2988,NA,NA,NA,NA,NA,26908343,NA
Campeche,2014,22327077,26127,NA,NA,NA,201510,NA,NA,NA,NA,NA,NA,NA,NA,NA,NA,NA,3583,NA,NA,NA,NA,NA,22095857,NA
Campeche,2015,11288367,31759,NA,NA,NA,184522,NA,NA,NA,NA,NA,NA,NA,NA,NA,NA,NA,1455,NA,NA,NA,NA,NA,11070631,NA
Campeche,2016,9515108,27707,NA,NA,NA,136694,NA,NA,NA,NA,NA,NA,NA,NA,NA,NA,NA,1331,NA,NA,NA,NA,NA,9349376,NA
Campeche,2017,12726092,17568,NA,NA,NA,110402,NA,1362,NA,NA,NA,NA,NA,NA,NA,NA,NA,4433,NA,NA,0,NA,NA,12592328,NA
Campeche,2018,18338525,19442,29,NA,NA,106722,NA,2008,NA,NA,NA,NA,NA,NA,NA,NA,NA,9611,NA,NA,NA,NA,NA,18200713,NA
Coahuila de Zaragoza,2007,17469635,88205,77,19107,124987,794735,33223,96531,169144,80551,3434992,412264,1513119,207684,9682512,46618,76333,8723,14917,45179,NA,NA,620734,NA,NA
Coahuila de Zaragoza,2008,21757037,122225,3254,17516,136600,748601,42191,109138,200610,65971,3810357,509329,1665206,221703,12488742,45223,52380,4847,31693,54557,NA,NA,1426896,NA,NA
Coahuila de Zaragoza,2009,13904920,104299,4615,8144,156957,548894,28180,88677,195986,57226,2603949,261331,1104919,197178,7201389,66944,67184,3916,32434,48100,0,NA,1124599,NA,NA
Coahuila de Zaragoza,2010,21970635,101902,9111,11561,168285,635627,38611,74956,227503,67601,3962163,344515,1744105,267813,12810636,36429,48625,6522,51207,147610,0,NA,1215853,NA,NA
Coahuila de Zaragoza,2011,27238516,111728,46538,18910,79495,669522,44749,79934,233954,71969,5961749,328089,2355118,243091,15686780,51192,59782,10395,72560,49407,NA,NA,1063553,NA,NA
Coahuila de Zaragoza,2012,31636120,128527,69606,NA,106582,691789,31823,79975,394281,66217,5966353,378111,2740154,248533,19035857,71711,93862,43017,76363,100236,NA,NA,1313123,NA,NA
Coahuila de Zaragoza,2013,33015111,128465,350685,NA,106049,666174,26345,79283,506058,96495,4339893,350724,2654515,276586,21627194,77484,134092,26322,33402,92069,NA,NA,1443275,NA,NA
Coahuila de Zaragoza,2014,34838927,151869,515305,NA,103582,666718,29227,75273,560315,137282,4044631,356642,2926266,301030,23199023,68780,112509,33668,50602,82511,NA,NA,1423695,NA,NA
Coahuila de Zaragoza,2015,36251769,158886,510398,NA,98458,624308,23128,75404,563521,108339,3621084,596875,2687095,290874,24302071,95867,109325,22971,50348,84189,NA,26303,2202325,NA,NA
Coahuila de Zaragoza,2016,37699563,176339,605641,NA,NA,547388,19718,69977,557260,119764,3704413,607036,2459641,274947,25608608,94416,123211,112868,46802,73791,NA,19344,2478400,NA,NA
Coahuila de Zaragoza,2017,38950677,194241,1963380,30426,NA,568464,35385,73859,668835,110152,3421832,409072,2621617,292828,25206427,102858,112385,102106,50634,87553,NA,15920,2882703,NA,NA
Coahuila de Zaragoza,2018,40905997,210784,1794853,32914,NA,575607,43984,86508,784883,117820,3373430,410824,2964021,309903,26224187,99918,166176,90229,465819,106629,NA,16403,3031107,NA,NA
Colima,2007,79553,19819,NA,NA,NA,NA,NA,18024,NA,NA,NA,NA,NA,NA,NA,NA,NA,41710,NA,NA,NA,NA,NA,NA,NA
Colima,2008,86607,23433,NA,NA,NA,NA,NA,21822,NA,NA,NA,NA,NA,NA,NA,NA,NA,41352,NA,NA,NA,NA,NA,NA,NA
Colima,2009,81344,20716,NA,NA,NA,NA,NA,16664,NA,2272,NA,NA,NA,NA,NA,NA,NA,41691,NA,NA,NA,NA,NA,NA,NA
Colima,2010,107855,17082,NA,NA,NA,NA,NA,31113,NA,NA,NA,NA,NA,NA,NA,NA,NA,59659,NA,NA,NA,NA,NA,NA,NA
Colima,2011,142734,25620,NA,NA,NA,NA,NA,30104,NA,NA,NA,NA,NA,NA,NA,NA,NA,87010,NA,NA,NA,NA,NA,NA,NA
Colima,2012,221098,71462,NA,NA,NA,NA,NA,33764,NA,NA,NA,NA,NA,NA,NA,NA,NA,115872,0,NA,NA,NA,NA,NA,NA
Colima,2013,280984,92755,NA,NA,NA,NA,NA,39576,NA,11524,NA,NA,NA,NA,NA,NA,NA,137130,NA,NA,NA,NA,NA,NA,NA
Colima,2014,269703,112912,NA,NA,NA,NA,NA,NA,NA,4020,NA,NA,NA,NA,NA,NA,NA,145499,7271,NA,NA,NA,NA,NA,NA
Colima,2015,288409,124917,NA,NA,NA,NA,NA,NA,NA,19,NA,NA,NA,NA,NA,NA,NA,163473,NA,NA,NA,NA,NA,NA,NA
Colima,2016,272612,99212,NA,NA,NA,NA,NA,NA,NA,138,NA,NA,NA,NA,NA,NA,NA,173262,NA,NA,NA,NA,NA,NA,NA
Colima,2017,133681,83431,NA,NA,NA,NA,NA,40071,NA,112,NA,NA,NA,NA,NA,NA,NA,1046,9021,NA,NA,NA,NA,NA,NA
Colima,2018,553448,92229,NA,NA,NA,NA,NA,NA,NA,51,NA,NA,NA,NA,NA,NA,NA,461168,NA,NA,NA,NA,NA,NA,NA
Chiapas,2007,908251,83315,NA,NA,NA,NA,NA,301951,NA,NA,NA,NA,NA,NA,143352,NA,NA,260,NA,NA,NA,NA,NA,379372,NA
Chiapas,2008,894423,75846,NA,NA,NA,NA,NA,283722,NA,11,NA,NA,NA,NA,101358,NA,NA,70,NA,NA,NA,NA,NA,433415,NA
Chiapas,2009,855360,60370,NA,NA,NA,NA,NA,222527,NA,NA,NA,NA,NA,NA,NA,NA,NA,60182,NA,NA,NA,NA,NA,512281,0
Chiapas,2010,1245155,79003,NA,NA,NA,NA,NA,NA,NA,NA,NA,NA,NA,NA,NA,NA,NA,447782,NA,NA,NA,NA,NA,718370,NA
Chiapas,2011,1665278,128741,NA,NA,NA,NA,NA,410085,NA,NA,NA,NA,NA,NA,NA,NA,NA,138840,NA,NA,NA,NA,NA,987612,NA
Chiapas,2012,1618570,143681,NA,NA,NA,NA,NA,NA,NA,NA,NA,NA,NA,NA,NA,NA,NA,634114,NA,NA,NA,NA,NA,840774,NA
Chiapas,2013,1613292,132406,0,NA,NA,NA,NA,348631,NA,NA,NA,NA,NA,NA,NA,NA,NA,278021,NA,NA,NA,NA,NA,854233,0
Chiapas,2014,1460627,137860,NA,NA,NA,NA,NA,374402,NA,NA,NA,NA,NA,NA,234971,NA,NA,624,NA,NA,NA,NA,NA,712770,NA
Chiapas,2015,1165750,98858,NA,NA,NA,NA,NA,437453,NA,NA,NA,NA,NA,NA,259518,NA,NA,900,NA,NA,NA,NA,NA,369021,0
Chiapas,2016,587504,93258,NA,NA,NA,NA,NA,92956,NA,NA,NA,NA,NA,NA,244601,NA,NA,865,NA,NA,NA,NA,NA,155823,NA
Chiapas,2017,606132,103734,NA,NA,NA,NA,NA,NA,1350,6,NA,NA,NA,NA,186552,NA,NA,110649,NA,NA,NA,NA,NA,203840,0
Chiapas,2018,671194,160556,4589,NA,NA,NA,NA,NA,1673,NA,NA,NA,NA,NA,196079,NA,NA,119978,NA,NA,NA,NA,NA,188319,0
Chihuahua,2007,28094744,320235,105134,NA,NA,222113,90564,52135,286983,130730,313569,400880,517593,11954650,7561470,64804,2200496,115776,71709,207782,36647,101996,3338890,NA,588
Chihuahua,2008,27704271,365841,67825,99060,NA,231654,83029,64610,275785,119813,243578,509544,509974,11478766,7231961,67129,2725301,26741,57128,154205,29984,114772,3247570,NA,NA
Chihuahua,2009,24772116,316604,91903,80814,31444,178990,75128,46447,152300,91796,84178,459203,577682,11645425,5022093,45353,2595416,24524,380167,114798,NA,86119,2671731,NA,NA
Chihuahua,2010,34633881,284670,93279,NA,23678,198132,83450,68641,205196,105244,141004,531282,778692,18326259,6565322,78292,3081340,86517,730439,170389,20736,87154,2974166,NA,NA
Chihuahua,2011,38446014,389824,103344,NA,NA,197291,59621,84585,241175,95894,210962,574445,1587581,20242675,7635183,120441,2364707,115978,1330493,179668,21090,83782,2807276,NA,NA
Chihuahua,2012,41764861,463153,82000,NA,44515,215760,59471,130443,290716,101252,247470,601057,1455155,21590235,8712719,112869,2540039,75231,1480397,222498,20996,48516,3270370,NA,NA
Chihuahua,2013,43770979,483400,98814,NA,91455,227854,63982,68874,383826,95866,273662,627410,1983926,22356786,9498731,131034,2739107,56383,1146448,233015,26939,66516,3116951,NA,NA
Chihuahua,2014,45594451,448374,91487,NA,119774,207175,54835,376826,413272,93731,296405,626436,2376554,22432742,10350839,163689,3084867,59651,924377,210495,20700,57974,3184247,NA,NA
Chihuahua,2015,40302945,414596,100868,NA,NA,206434,56964,373573,380944,148406,312321,794518,1905341,17283949,10599574,178455,3095419,156698,738719,200897,19175,52512,3283583,NA,NA
Chihuahua,2016,43342067,377249,99291,NA,NA,190869,67902,344321,545992,88276,326061,591779,2064450,19199540,11698750,170993,3103592,140651,792952,193405,17061,56075,3272860,NA,NA
Chihuahua,2017,46491551,585844,13022,NA,75665,157574,64919,318115,477159,102836,328890,774600,2547619,20901902,11887072,167459,3532847,48993,889344,103772,17202,51189,3445525,NA,NA
Chihuahua,2018,51944047,600295,13410,NA,NA,163489,69129,301254,502511,102157,335489,892204,2566571,24450845,13062378,182808,4000012,81051,872629,62780,19236,38674,3627126,NA,NA
Ciudad de México,2007,2713215,238162,76449,47282,13759,175405,11162,1222791,87926,60144,11422,127742,42524,59681,234112,16351,54506,0,NA,2608,NA,17009,213253,NA,928
Ciudad de México,2008,2870070,212091,56725,41856,5301,158020,11167,1268418,94319,13588,132158,152494,54531,41639,208961,15195,43571,1389,NA,1501,NA,104056,253088,NA,NA
Ciudad de México,2009,2378039,231933,6999,39291,1505,135848,7618,1144739,77380,8276,48093,123333,35772,27565,138911,9420,39793,0,NA,2312,0,124114,173907,NA,1230
Ciudad de México,2010,2759613,267675,77896,48101,239,137351,7598,1237362,123995,9517,53988,167493,47539,36546,164578,7987,41701,1684,NA,5268,NA,116233,206864,NA,NA
Ciudad de México,2011,3068807,275865,46721,53015,1658,151457,7730,1546916,98191,10927,65931,147348,56844,47525,197018,8480,55553,0,NA,2116,0,50987,241974,NA,2551
Ciudad de México,2012,2937464,177619,78254,54112,1798,141408,6630,1497128,113510,10603,64363,127067,55544,42944,235602,8803,46675,2758,NA,NA,0,44448,228199,NA,NA
Ciudad de México,2013,2602629,221033,NA,52766,1295,153226,6775,1216010,101190,21037,50159,121247,55815,40751,211875,9504,42243,4761,NA,3230,0,58073,231639,NA,NA
Ciudad de México,2014,2705297,224130,NA,54940,1418,110457,6531,684920,107367,24574,276312,110653,63220,39763,673103,9539,40126,1857,NA,3074,NA,90504,180646,NA,2165
Ciudad de México,2015,2452302,178835,2673,29801,1048,76981,5508,637603,96750,25249,57361,93660,49196,36018,658047,8430,41952,2231,NA,2298,NA,96371,352291,NA,NA
Ciudad de México,2016,2302852,171542,2401,19523,1394,73153,6315,601387,79051,21348,44063,77513,59055,35801,595062,7094,26586,3780,NA,NA,0,107299,370485,NA,NA
Ciudad de México,2017,2630544,175327,NA,11893,1131,67301,7177,1074436,86010,24820,43001,81389,35818,45746,665085,8657,23873,907,NA,4917,0,104169,168886,NA,NA
Ciudad de México,2018,2616829,166077,18182,8559,886,65445,6617,1063663,79220,34869,42289,95881,27463,39862,619780,6549,25310,0,NA,3374,0,114012,195292,NA,3499
Durango,2007,878704,12043,NA,NA,NA,458195,NA,NA,3663,42516,22087,24605,67303,NA,150571,2464,NA,52420,NA,NA,42837,NA,NA,NA,NA
Durango,2008,984903,15944,NA,NA,NA,367431,NA,NA,25959,29212,24698,39064,209831,NA,138655,49071,NA,45367,NA,NA,39671,NA,NA,NA,NA
Durango,2009,829446,20206,0,NA,NA,311243,NA,NA,68410,18478,18557,30048,118336,NA,95470,59553,NA,15958,41119,NA,32067,NA,NA,NA,NA
Durango,2010,1117273,25058,NA,NA,NA,270879,NA,NA,137463,19889,91202,21666,112718,NA,167569,95619,NA,15903,120417,NA,38889,NA,NA,NA,NA
Durango,2011,1402921,33261,NA,NA,NA,139265,NA,NA,131251,17748,106810,26327,113391,NA,163794,113324,NA,30893,487340,NA,39518,NA,NA,NA,NA
Durango,2012,1608285,33378,NA,NA,NA,128587,NA,NA,168060,24357,87389,30567,112213,NA,282369,37210,NA,65587,585269,NA,53299,NA,NA,NA,NA
Durango,2013,1687175,30962,0,NA,NA,89197,NA,NA,207777,28018,53216,25800,136235,NA,424397,67903,NA,79428,476378,NA,67863,NA,NA,NA,NA
Durango,2014,1861965,22996,NA,NA,NA,215878,NA,NA,180207,26864,72256,31467,137344,NA,454177,45519,NA,91244,525057,NA,58955,NA,NA,NA,NA
Durango,2015,1752494,26324,NA,NA,NA,255119,NA,NA,72250,21692,43918,29304,180789,NA,539780,50840,NA,107012,353646,NA,71818,NA,NA,NA,NA
Durango,2016,1654783,34045,NA,NA,NA,229829,NA,NA,104512,16642,56899,32855,105417,NA,486088,78474,NA,104581,334656,NA,70786,NA,NA,NA,NA
Durango,2017,1672357,88503,NA,NA,NA,217480,NA,NA,48832,14790,68755,21563,147816,NA,461327,74759,NA,121700,326893,NA,79938,NA,NA,NA,NA
Durango,2018,1981490,87920,NA,NA,NA,234908,NA,NA,52357,15573,71510,23156,173563,NA,553560,102152,NA,137985,444195,NA,84612,NA,NA,NA,NA
Guanajuato,2007,6425251,335731,NA,38981,NA,81043,2443,185075,94237,21283,209436,61497,3246,NA,4566359,11814,1594,346564,NA,275773,NA,10117,180057,NA,NA
Guanajuato,2008,6419924,451703,NA,43332,NA,131224,3095,153595,100819,24001,427995,129528,8059,NA,3619492,8815,4538,27992,NA,272158,NA,831,194907,NA,817841
Guanajuato,2009,5684013,437993,NA,30755,3451,94354,2541,204534,124905,21780,229262,85890,8311,NA,3429129,5980,2877,496352,13839,305708,NA,4503,181850,NA,NA
Guanajuato,2010,8275949,460405,NA,32576,NA,74196,2417,305706,227777,22495,387494,123366,10629,NA,5560894,5600,4363,514924,3743,366749,NA,18568,154048,NA,NA
Guanajuato,2011,9701099,503178,3745,36182,NA,104578,2366,425606,293443,18580,519821,224920,10508,NA,6421236,NA,4708,539889,NA,449456,NA,32989,109894,NA,NA
Guanajuato,2012,10148713,438907,NA,36029,NA,116493,1782,379210,378651,18707,464752,309333,13636,NA,6898332,NA,5771,423887,0,550770,NA,32026,80429,NA,NA
Guanajuato,2013,12170999,487404,NA,34953,NA,109553,2653,326586,450796,27808,560774,224680,16164,NA,8524969,NA,5770,585075,NA,551087,NA,32074,230654,NA,NA
Guanajuato,2014,17204369,523668,10396,33962,NA,111022,5524,384897,650276,25799,532871,165007,13548,81610,13164286,NA,7694,545583,75217,603153,NA,37634,232221,NA,NA
Guanajuato,2015,20787831,662056,10572,23317,NA,110885,12516,329632,735292,30511,407788,200655,11203,40176,16706404,NA,14914,298671,131723,613882,NA,37206,410429,NA,NA
Guanajuato,2016,22099836,646066,14235,20862,NA,98852,12804,293085,753917,28161,327448,217064,89281,NA,18082932,NA,13208,468777,82467,534651,NA,NA,416025,NA,NA
Guanajuato,2017,23360291,705845,NA,40003,12986,94464,1930,466187,817360,33572,340697,453749,149849,39916,18768089,1886,3417,527385,NA,576614,NA,NA,326342,NA,NA
Guanajuato,2018,24913687,763140,NA,31719,20414,100448,4363,452468,926527,29622,409582,440821,217036,63497,19895014,NA,4297,609472,NA,603511,NA,NA,341756,NA,NA
Guerrero,2007,142118,NA,NA,NA,NA,NA,NA,NA,NA,6348,NA,NA,NA,NA,NA,NA,NA,135770,NA,NA,NA,NA,NA,NA,NA
Guerrero,2008,248331,NA,NA,NA,NA,NA,NA,NA,NA,5769,NA,NA,NA,NA,NA,NA,NA,1668,240893,NA,NA,NA,NA,NA,NA
Guerrero,2009,464864,NA,NA,NA,NA,NA,NA,NA,NA,3143,NA,NA,NA,NA,NA,NA,1917,3,459801,NA,NA,NA,NA,NA,NA
Guerrero,2010,629384,NA,NA,NA,NA,NA,NA,NA,NA,3433,NA,NA,NA,NA,NA,NA,1123,36,624792,NA,NA,NA,NA,NA,NA
Guerrero,2011,680046,NA,NA,NA,NA,NA,NA,NA,NA,3972,NA,NA,NA,NA,NA,NA,1368,31,674675,NA,NA,NA,NA,NA,NA
Guerrero,2012,728036,NA,0,NA,NA,NA,NA,NA,NA,4454,NA,NA,NA,NA,NA,NA,NA,212,723370,NA,NA,NA,NA,NA,NA
Guerrero,2013,613328,NA,0,NA,NA,NA,NA,NA,NA,3349,NA,NA,NA,NA,NA,NA,NA,3375,606604,NA,NA,NA,NA,NA,NA
Guerrero,2014,493996,NA,NA,NA,NA,NA,NA,NA,NA,2404,NA,NA,NA,NA,NA,NA,NA,3716,487876,NA,NA,NA,NA,NA,NA
Guerrero,2015,334522,NA,0,NA,NA,NA,NA,NA,NA,7,NA,NA,NA,NA,NA,NA,114,334401,NA,NA,0,NA,NA,NA,NA
Guerrero,2016,647788,NA,NA,NA,NA,NA,NA,NA,NA,151,NA,NA,NA,NA,NA,NA,29,1692,645916,NA,0,NA,NA,NA,NA
Guerrero,2017,236957,0,0,NA,NA,NA,NA,NA,NA,32,NA,NA,NA,NA,NA,NA,99,236827,NA,NA,NA,NA,NA,NA,NA
Guerrero,2018,699068,0,0,NA,NA,NA,NA,NA,NA,6,NA,NA,NA,NA,NA,NA,107,NA,698955,NA,NA,NA,NA,NA,NA
Hidalgo,2007,1300634,21587,NA,60783,NA,98345,231,5980,39704,23045,26814,NA,33810,NA,464490,NA,9791,485848,NA,NA,NA,NA,30208,NA,NA
Hidalgo,2008,2044631,20801,NA,42789,NA,98116,663,5456,53817,26749,59484,NA,40388,NA,525637,NA,NA,8165,NA,NA,NA,NA,35915,NA,1126655
Hidalgo,2009,1269506,16151,NA,44284,46,77814,841,6275,42533,15049,49326,2786,17654,NA,234399,NA,535,726533,NA,NA,NA,NA,35280,NA,NA
Hidalgo,2010,1099189,18474,NA,68939,NA,71079,476,8988,37927,16031,60407,2542,11293,NA,94528,NA,NA,11340,NA,NA,NA,NA,32407,NA,664759
Hidalgo,2011,1539101,18425,NA,85427,967,65424,849,9572,47599,27747,94361,1968,11147,NA,354477,NA,NA,3814,NA,NA,NA,NA,28958,NA,788368
Hidalgo,2012,1510003,17936,NA,86931,NA,69918,1088,12615,48862,26969,71996,808,19040,NA,494381,NA,NA,35132,NA,NA,NA,NA,NA,NA,624325
Hidalgo,2013,1589974,18726,NA,97587,1432,73750,1090,10817,51737,25056,70007,NA,26518,NA,504358,NA,NA,708897,NA,NA,NA,NA,NA,NA,NA
Hidalgo,2014,1721650,17277,NA,114534,NA,67980,1181,11383,50331,20756,58850,NA,34033,NA,591756,NA,0,62945,NA,NA,NA,NA,NA,NA,690627
Hidalgo,2015,1726505,17441,NA,112763,NA,63748,1882,13232,39073,25553,52690,5775,35983,NA,854955,NA,NA,503410,0,NA,NA,NA,NA,NA,NA
Hidalgo,2016,1677729,21435,NA,91207,NA,55182,1289,11676,44276,20119,56210,3259,23387,NA,836299,NA,NA,513389,0,NA,NA,NA,NA,NA,NA
Hidalgo,2017,1788933,35045,NA,103739,NA,63345,202203,19725,41438,4351,56419,2754,18169,NA,734188,NA,NA,56810,NA,NA,NA,NA,NA,NA,450747
Hidalgo,2018,2236624,36571,NA,143430,NA,61899,170110,19440,41397,10114,87287,2009,18873,NA,1040577,NA,224,29275,NA,NA,NA,NA,NA,NA,575419
Jalisco,2007,14445974,255194,700941,16701,23081,103337,8281,390664,278964,6371,105136,174444,14249,10344633,1774111,18201,14311,6262,NA,42730,NA,2371,165990,NA,NA
Jalisco,2008,15360597,311107,688199,11177,23181,96942,8826,533452,204409,13719,126088,204977,31672,11362027,1361303,18851,16181,0,3776,33144,141,13073,287729,NA,10625
Jalisco,2009,15059587,311229,591648,5422,14849,74669,11257,512894,193861,23709,52581,159173,33626,11805255,1105010,28232,16597,0,9624,23687,5748,4313,58327,NA,17876
Jalisco,2010,18800995,386752,644254,3636,6883,74335,8973,595568,313677,26170,49417,226268,48901,14916594,1319760,31202,20727,0,5426,20850,3340,5627,80816,NA,11820
Jalisco,2011,15333202,435502,771764,348,5372,84623,7694,649521,312760,16841,70397,249418,45204,10964964,1465969,11154,28712,0,26480,20069,64,41953,109673,NA,14720
Jalisco,2012,19379718,441574,988438,NA,5301,48208,7763,742273,354576,62258,185873,286864,45470,13316158,2542243,19217,43763,525,45417,20273,NA,42352,169578,NA,11595
Jalisco,2013,20104515,490306,1048690,646,7730,38970,9428,856497,339663,67448,113294,289966,48319,13809926,2601226,24942,51031,0,45757,14992,104,45679,188983,NA,10917
Jalisco,2014,18737712,487208,1231081,914,5494,2511,58061,751139,1686195,8266,113954,303679,49976,10867279,2886466,24221,62784,0,28405,19032,92,19843,107014,NA,24100
Jalisco,2015,19737684,554765,1223423,NA,8826,2247,35141,746870,1947495,26434,107944,353013,34547,11438681,2890437,26231,78654,1237,39089,28593,NA,9832,157857,NA,26368
Jalisco,2016,17877862,536849,1254565,NA,5534,1433,27754,644367,1759864,70212,102710,312549,37435,9506421,3299718,26033,82600,1354,40828,24026,NA,9524,121985,NA,12102
Jalisco,2017,18687649,529877,1332069,NA,9549,2118,21319,744285,1993427,65414,108444,289311,55947,10715149,2494072,16098,82605,1301,42533,12027,NA,11072,149255,NA,11777
Jalisco,2018,20405738,552345,1504118,10368,9602,NA,28396,707243,2013386,70519,171011,313234,43416,12186116,2458172,16158,79098,4504,24950,13857,NA,8278,179046,NA,11923
México,2007,8643137,538302,31079,122863,36571,169365,106380,1029727,439281,157565,435988,385010,279968,257440,3942245,43031,223923,72591,NA,4077,NA,4943,360523,NA,2264
México,2008,9909897,690514,108044,123487,33913,161802,92965,1111011,476366,326030,339654,535981,329620,238155,4591014,44489,269704,47444,NA,3506,NA,4419,378678,NA,3102
México,2009,7648353,603436,63923,81149,44842,142356,62699,1071749,378939,335891,204620,397343,218065,154000,3262164,37430,314949,33055,NA,3477,NA,6680,227905,NA,3680
México,2010,10863011,642056,83524,85846,50676,180481,77652,1256063,500351,373680,259381,420640,193288,138612,5855776,45739,424874,46555,NA,NA,1738,7461,211996,NA,6624
México,2011,15920530,746325,80930,93928,50159,192941,80836,1538925,551502,379476,358192,523571,283617,164050,8385919,41324,2076156,79282,NA,NA,4697,7993,269896,NA,10812
México,2012,17076558,799563,93546,100950,45906,221704,57175,1732104,618883,394810,352225,598713,323364,115505,9025728,46048,2118300,137237,NA,5244,NA,10421,268560,NA,10573
México,2013,18210483,838832,97271,99319,45305,249212,53086,1891735,707145,330668,339614,614252,280163,90316,9728534,41622,2406477,100561,NA,NA,3398,7561,252887,NA,32524
México,2014,22472407,817136,98154,97446,43859,245453,43928,2099938,718337,518804,302416,643342,281751,101546,13559116,46892,2364196,49324,NA,NA,3193,8218,415231,NA,14127
México,2015,21392725,963371,108005,111543,38751,227832,38326,2197317,711385,325832,251881,900477,351581,96800,12261395,37207,2259574,90286,NA,4373,NA,91377,306514,NA,18898
México,2016,17332224,928726,83462,94086,39889,225944,33124,1782313,670558,294083,165170,916093,284152,93133,9220134,31437,1995712,86475,NA,4426,NA,68341,285675,NA,29292
México,2017,18601992,908624,82488,95913,27657,225538,107822,1627646,596841,252307,217291,615057,232391,84443,12513881,31587,587829,122643,NA,530,NA,8141,241565,NA,21800
México,2018,20286153,958563,82899,101425,30030,240205,143997,1719369,635470,259458,181805,660833,272399,88707,13874804,25859,608140,97591,NA,2418,NA,8097,271736,NA,22347
Michoacán de Ocampo,2007,357291,108819,NA,NA,90,NA,17873,24256,61820,953,115216,NA,NA,NA,NA,NA,NA,28264,NA,NA,NA,NA,NA,NA,NA
Michoacán de Ocampo,2008,1099715,141307,NA,NA,132,NA,19379,421472,86258,1065,400962,NA,NA,NA,NA,NA,NA,22392,2097,NA,4653,NA,NA,NA,NA
Michoacán de Ocampo,2009,805947,151500,NA,NA,189,NA,15718,191454,76950,449,287813,NA,2160,NA,NA,NA,NA,76590,NA,0,3124,NA,NA,NA,NA
Michoacán de Ocampo,2010,1180681,170352,NA,NA,749,NA,8331,172476,110725,NA,591713,NA,1825,NA,NA,NA,NA,124510,NA,NA,NA,NA,NA,NA,NA
Michoacán de Ocampo,2011,1142307,185540,0,NA,8,4216,10191,44742,128613,NA,NA,NA,1623,NA,NA,0,NA,759205,8169,NA,NA,NA,NA,NA,NA
Michoacán de Ocampo,2012,1251984,221095,NA,NA,694,NA,5262,43691,138032,885,632358,NA,1922,NA,NA,NA,NA,140381,67664,0,NA,NA,NA,NA,NA
Michoacán de Ocampo,2013,1534102,185135,0,NA,NA,3829,3542,40600,147633,915,875992,NA,1240,NA,NA,0,NA,149542,125674,NA,NA,NA,NA,NA,NA
Michoacán de Ocampo,2014,1099319,251355,NA,NA,2377,NA,2796,62242,164144,736,191608,NA,NA,NA,NA,0,NA,157492,266568,NA,NA,NA,NA,NA,NA
Michoacán de Ocampo,2015,822901,316120,NA,NA,NA,NA,2933,48797,146424,492,NA,NA,NA,NA,NA,0,NA,182524,125611,0,NA,NA,NA,NA,NA
Michoacán de Ocampo,2016,979214,291059,2220,NA,993,NA,2630,154912,141562,466,NA,NA,NA,NA,NA,0,0,96791,288581,NA,NA,NA,NA,NA,NA
Michoacán de Ocampo,2017,1272574,343016,181,NA,1881,3150,11550,212049,122642,632,11214,NA,NA,NA,NA,NA,NA,566259,NA,NA,NA,NA,NA,NA,NA
Michoacán de Ocampo,2018,1865362,344095,NA,NA,NA,3435,16509,300586,43242,588,NA,NA,NA,NA,NA,NA,NA,1156907,NA,NA,NA,NA,NA,NA,NA
Morelos,2007,2044922,13209,NA,39634,211,29563,3314,132197,70985,53810,NA,7489,9423,145473,1521198,NA,8602,9815,NA,NA,NA,NA,NA,NA,NA
Morelos,2008,1950867,43605,NA,43109,153,32801,3784,148894,76375,104486,NA,9352,10202,44534,1412424,NA,11465,9684,NA,NA,NA,NA,NA,NA,NA
Morelos,2009,1562214,41810,0,29235,115,NA,3549,207509,72713,59471,NA,19520,NA,NA,1065135,NA,10224,52933,NA,NA,NA,NA,NA,NA,NA
Morelos,2010,2101613,47982,NA,36186,66,NA,3644,187799,112370,93118,NA,19631,12569,NA,1520439,NA,14856,52953,NA,NA,NA,NA,NA,NA,NA
Morelos,2011,3141479,64350,NA,51077,0,35230,4122,202947,158464,108887,NA,19524,14714,NA,2364976,NA,16858,100331,NA,NA,NA,NA,NA,NA,NA
Morelos,2012,4120010,69744,0,41046,0,33293,4972,218263,171163,107967,NA,24005,15439,NA,3328746,NA,15815,89558,NA,NA,NA,NA,NA,NA,NA
Morelos,2013,4207055,75876,NA,39862,0,33382,5834,174551,179008,90782,NA,25647,18191,NA,3455631,NA,22959,85332,NA,NA,NA,NA,NA,NA,NA
Morelos,2014,3791586,76466,NA,42157,NA,33338,5943,163338,187601,81290,NA,32522,20334,NA,3050450,NA,21820,76327,NA,NA,NA,NA,NA,NA,NA
Morelos,2015,3402757,71230,0,46393,NA,28500,5741,198538,180029,84236,NA,31201,19576,NA,2614329,NA,22674,100311,NA,NA,NA,NA,NA,NA,NA
Morelos,2016,3787522,76789,NA,52544,NA,NA,5536,190997,203723,83716,NA,37476,22932,NA,2975693,NA,21577,116538,NA,NA,NA,NA,NA,NA,NA
Morelos,2017,3490782,87691,NA,40610,NA,26939,5261,251533,202652,90183,NA,26606,17547,NA,2643155,NA,27768,70836,NA,NA,NA,NA,NA,NA,NA
Morelos,2018,3796368,84126,NA,53350,NA,13512,6050,307187,205930,171161,NA,28935,18675,NA,2809851,NA,24717,72875,NA,NA,NA,NA,NA,NA,NA
Nayarit,2007,37114,NA,22054,NA,NA,NA,NA,NA,NA,NA,NA,NA,NA,NA,NA,NA,NA,15060,NA,NA,NA,NA,NA,NA,NA
Nayarit,2008,39903,20403,NA,NA,NA,NA,NA,NA,NA,NA,NA,NA,NA,NA,NA,NA,NA,19500,NA,NA,NA,NA,NA,NA,NA
Nayarit,2009,57563,38863,NA,NA,NA,NA,NA,NA,NA,NA,NA,NA,NA,NA,NA,NA,NA,18700,NA,NA,NA,NA,NA,NA,NA
Nayarit,2010,63366,42965,20140,NA,NA,NA,NA,NA,NA,NA,NA,NA,NA,NA,NA,NA,NA,260,NA,NA,NA,NA,NA,NA,NA
Nayarit,2011,101538,75493,NA,NA,NA,NA,NA,NA,NA,NA,NA,NA,NA,NA,NA,NA,NA,26045,NA,NA,NA,NA,NA,NA,NA
Nayarit,2012,96988,69934,27033,NA,NA,NA,NA,NA,NA,NA,NA,NA,NA,NA,NA,NA,NA,21,NA,NA,NA,NA,NA,NA,NA
Nayarit,2013,109407,81813,27029,NA,NA,NA,NA,NA,NA,NA,NA,NA,NA,NA,NA,NA,NA,565,0,NA,NA,NA,NA,NA,NA
Nayarit,2014,112608,87280,25058,NA,NA,NA,NA,NA,NA,NA,NA,NA,NA,NA,NA,NA,NA,269,0,NA,NA,NA,NA,NA,NA
Nayarit,2015,101253,83469,15700,NA,NA,NA,NA,NA,NA,1,NA,NA,NA,NA,NA,NA,NA,2084,NA,NA,NA,NA,NA,NA,NA
Nayarit,2016,166361,84399,NA,NA,NA,NA,NA,NA,NA,68,NA,NA,NA,NA,NA,NA,NA,81895,NA,NA,NA,NA,NA,NA,NA
Nayarit,2017,124554,54229,NA,NA,NA,NA,NA,NA,NA,NA,NA,NA,NA,NA,59799,NA,NA,10526,0,NA,NA,NA,NA,NA,NA
Nayarit,2018,135733,53386,NA,NA,NA,NA,NA,NA,NA,NA,NA,NA,NA,NA,63488,NA,NA,18859,NA,NA,NA,NA,NA,NA,NA
Nuevo León,2007,19803476,244664,333740,13770,74718,38560,104709,479168,506252,679798,1319474,765856,1971948,4305324,3884510,50277,434421,0,16378,26925,19548,263,4159722,NA,373452
Nuevo León,2008,21765788,369334,401117,13578,64318,35802,136599,569739,608507,592227,1260782,888815,1701670,5689237,3654390,77233,563317,0,16596,31489,14443,435,4220117,NA,856043
Nuevo León,2009,17327012,618654,402556,12408,37582,41458,133815,333433,656040,422782,1145587,857919,1222692,3025345,3503133,88601,591669,0,12709,12891,11044,947,3645486,NA,550258
Nuevo León,2010,21343765,706980,409739,17189,43473,288516,170295,411542,886481,465688,1345943,914981,1670808,3083133,5499009,133362,744797,0,9940,12776,9902,1778,4076298,NA,441135
Nuevo León,2011,24589656,829062,416496,19905,50843,34876,181274,591361,1005112,579162,1789992,1031158,2380278,3157953,7074825,102961,672388,0,12256,12224,9679,2348,4163386,NA,472117
Nuevo León,2012,25815501,837795,438167,19513,51639,23127,211009,849756,918712,662816,1644593,1136927,2523955,3376910,7247797,99985,816565,0,19390,10914,6410,3204,4501132,NA,415185
Nuevo León,2013,25897184,873919,458602,18710,45293,25078,239408,669970,848677,860951,1499093,1082295,2418817,2570630,8257383,92412,857777,0,25090,3872,5944,2899,4522376,NA,517987
Nuevo León,2014,31513013,864595,417352,NA,42545,25652,246231,590525,1115030,944591,1573834,1182974,2736497,3671610,11517671,101032,1114970,10042,23632,3455,5685,NA,4795472,NA,529618
Nuevo León,2015,34522156,1057802,393676,8957,30532,27570,290579,493580,783706,1146824,1250238,1480690,2757013,3872390,13616505,100828,1226459,0,20193,3890,6129,2179,5733522,NA,218894
Nuevo León,2016,32177306,851080,366992,NA,25772,13416,299760,459769,774247,984322,1119146,1421113,2666876,3792566,12313621,108411,1098358,13047,25612,3483,9255,NA,5630080,NA,200381
Nuevo León,2017,36004726,1016296,351013,8577,22930,11353,171652,531415,811834,871048,1406354,1148360,2864186,4326863,14970079,114539,1092755,4509,45877,NA,20092,NA,6009223,NA,205770
Nuevo León,2018,39507469,1015539,378118,NA,23809,11558,213586,609183,857012,911148,1758216,1516477,3356294,1479138,19303995,113812,1157278,14209,53572,3027,25055,NA,6357331,NA,349114
Oaxaca,2007,623321,17528,NA,NA,NA,NA,NA,NA,NA,92,NA,NA,NA,NA,NA,NA,34,605667,NA,NA,NA,NA,NA,NA,NA
Oaxaca,2008,1448886,20778,245532,NA,NA,NA,NA,NA,NA,67,NA,NA,NA,NA,NA,NA,28,21447,NA,NA,3527,NA,NA,NA,1157508
Oaxaca,2009,1044384,14939,312646,NA,NA,NA,NA,8846,NA,NA,NA,NA,NA,NA,NA,0,36,707916,NA,NA,NA,NA,NA,NA,NA
Oaxaca,2010,830212,13020,NA,NA,NA,NA,NA,12227,NA,NA,NA,NA,NA,NA,NA,0,NA,799568,NA,NA,5396,NA,NA,NA,NA
Oaxaca,2011,996976,21263,NA,NA,NA,NA,NA,14700,NA,NA,NA,NA,NA,NA,NA,0,NA,961014,NA,NA,NA,NA,NA,NA,NA
Oaxaca,2012,776494,11643,NA,NA,NA,NA,NA,NA,NA,NA,NA,NA,NA,NA,NA,0,NA,764850,NA,NA,NA,NA,NA,NA,NA
Oaxaca,2013,1117820,26081,NA,NA,NA,NA,NA,20639,NA,128,NA,NA,NA,NA,NA,0,NA,1056884,NA,NA,14087,NA,NA,NA,NA
Oaxaca,2014,1359228,24169,NA,NA,NA,NA,NA,24326,NA,185,NA,NA,NA,NA,NA,0,NA,1157450,153098,NA,NA,NA,NA,NA,NA
Oaxaca,2015,737200,26519,238338,NA,NA,NA,NA,26012,NA,125,NA,NA,NA,NA,NA,NA,NA,446206,NA,NA,NA,NA,NA,NA,NA
Oaxaca,2016,627162,27862,33370,NA,NA,NA,NA,19405,NA,109,NA,NA,NA,NA,NA,NA,NA,546416,NA,NA,NA,NA,NA,NA,NA
Oaxaca,2017,603681,26397,2270,NA,NA,NA,NA,17944,0,4,NA,NA,NA,NA,NA,NA,NA,557066,NA,NA,NA,NA,NA,NA,NA
Oaxaca,2018,858187,33591,2240,NA,NA,NA,NA,11953,0,NA,NA,NA,NA,NA,NA,NA,NA,810402,NA,NA,NA,NA,NA,NA,NA
Puebla,2007,7781314,149941,8754,33821,17640,379403,47979,93564,61625,12308,42606,104259,52249,NA,6739926,17215,19011,1014,NA,NA,NA,NA,NA,NA,NA
Puebla,2008,9205476,159185,4703,35536,15444,371411,58237,246152,107582,8871,29462,123107,47581,NA,7960529,14380,22547,749,NA,NA,NA,NA,NA,NA,NA
Puebla,2009,6675262,146887,4211,20119,8728,366940,64338,215416,156341,5149,33965,117495,20665,NA,5436304,14397,22312,149,NA,NA,41578,269,NA,NA,NA
Puebla,2010,8596410,162862,32328,65531,10677,383001,79347,188947,217721,3847,63206,167903,27230,NA,7079332,14760,24778,350,NA,NA,74591,NA,NA,NA,NA
Puebla,2011,10692381,187172,3139,82760,11091,363455,88623,207819,333036,8739,69508,210218,33335,NA,8963593,18081,25224,1124,NA,NA,85465,NA,NA,NA,NA
Puebla,2012,12277946,144840,8650,70214,9990,350796,90323,237465,442205,7082,45346,237222,61432,NA,10529201,14500,24716,3963,NA,NA,NA,NA,NA,NA,NA
Puebla,2013,11003344,101617,3616,69674,10975,397579,89613,220709,525148,9395,39759,241132,68052,NA,9180711,19266,22692,3404,NA,NA,NA,NA,NA,NA,NA
Puebla,2014,10594592,90635,7346,105380,10309,443530,104951,219502,428673,5984,51994,242419,56676,NA,8780403,22121,21474,3196,NA,NA,NA,NA,NA,NA,NA
Puebla,2015,10141642,388098,6161,119469,53172,395565,117964,226568,348458,4648,38205,207233,50110,NA,8110361,32504,20848,22279,NA,NA,NA,NA,NA,NA,NA
Puebla,2016,9372970,519768,5728,90784,41670,369110,106585,208446,379589,6453,35126,174730,73189,NA,7298222,21867,20582,21122,NA,NA,NA,NA,NA,NA,NA
Puebla,2017,15019152,712331,5943,126091,54485,350570,119099,179174,342009,3508,25528,158944,74687,NA,12827143,20227,14722,4690,NA,NA,NA,NA,NA,NA,NA
Puebla,2018,16573901,715913,7991,170288,51372,383140,130823,198785,410310,3835,23481,166058,83150,NA,14188161,22917,13878,3799,NA,NA,NA,NA,NA,NA,NA
Querétaro,2007,3410507,73713,11570,22075,NA,97280,84151,217265,197873,86907,29433,148560,240480,241843,1711033,NA,NA,25325,NA,NA,NA,25291,163587,NA,34121
Querétaro,2008,4067930,87647,12260,24171,NA,86356,96319,233074,201857,141286,35438,149178,288918,255471,2037567,NA,0,30300,NA,NA,NA,21408,314931,NA,51750
Querétaro,2009,3471123,121476,12211,23895,NA,91281,82335,373678,191262,135493,24504,139997,201033,171798,1641491,NA,NA,58898,NA,NA,0,15050,151625,NA,35097
Querétaro,2010,4598764,193707,11687,26741,NA,109809,111023,663824,247989,150694,29788,178658,323807,247158,2008593,NA,NA,34424,NA,NA,NA,17971,194132,NA,48758
Querétaro,2011,6088263,238745,9817,NA,NA,120463,123205,464093,271673,170016,41568,132249,404051,410978,3183757,NA,NA,179939,NA,NA,0,23593,260393,NA,53723
Querétaro,2012,7386392,227501,11418,NA,NA,95623,132849,462264,313017,150664,49326,160944,447864,763789,3977396,NA,NA,180936,NA,NA,0,20780,339836,NA,52186
Querétaro,2013,8158718,247828,21394,33541,9836,113772,145268,427116,304787,136523,36971,152035,565845,776059,4397394,NA,NA,138869,NA,NA,NA,27592,563971,NA,59917
Querétaro,2014,9147776,265340,15802,NA,NA,52249,174864,493360,280174,54452,37159,132579,628573,962084,4619522,NA,NA,215534,NA,NA,NA,49052,1097174,NA,69858
Querétaro,2015,10400468,272515,16890,NA,NA,59154,173697,397237,255121,88694,24525,193266,754257,891453,5158590,NA,NA,174628,NA,NA,0,326309,1528706,NA,85425
Querétaro,2016,10314836,272912,12470,NA,12595,45103,178722,321056,260619,135070,23829,118741,904148,832673,5031468,NA,57438,74529,NA,NA,0,267835,1712692,NA,52937
Querétaro,2017,10478612,245302,17730,NA,NA,34041,220197,360160,350345,124150,26295,92120,1120870,926505,4815196,NA,58114,77408,NA,NA,0,35361,1914880,NA,59939
Querétaro,2018,11110226,265601,18715,NA,NA,36589,258154,416594,379451,134242,30452,93637,1239589,1012509,5175699,NA,NA,72680,NA,NA,0,41545,1925410,NA,9360
Quinta Roo,2007,40567,36715,NA,NA,NA,NA,NA,NA,NA,40,NA,NA,NA,NA,NA,NA,NA,297,NA,NA,3515,NA,NA,NA,NA
Quinta Roo,2008,42303,40714,NA,NA,NA,NA,NA,NA,NA,59,NA,NA,NA,NA,NA,NA,NA,358,NA,NA,1172,NA,NA,NA,NA
Quinta Roo,2009,35711,34385,NA,NA,NA,NA,NA,NA,NA,117,NA,NA,NA,NA,NA,NA,NA,337,NA,NA,873,NA,NA,NA,NA
Quinta Roo,2010,59003,NA,NA,NA,NA,NA,NA,NA,NA,NA,NA,NA,NA,NA,NA,NA,NA,58768,NA,NA,235,NA,NA,NA,NA
Quinta Roo,2011,100307,NA,NA,NA,NA,NA,NA,NA,NA,NA,NA,NA,NA,NA,NA,NA,NA,100307,NA,NA,NA,NA,NA,NA,NA
Quinta Roo,2012,44176,NA,NA,NA,NA,NA,NA,NA,NA,NA,NA,NA,NA,NA,NA,NA,NA,44176,NA,NA,NA,NA,NA,NA,NA
Quinta Roo,2013,36533,NA,NA,NA,NA,NA,NA,NA,NA,404,NA,NA,NA,NA,NA,NA,NA,36129,NA,NA,NA,NA,NA,NA,NA
Quinta Roo,2014,19223,NA,NA,NA,NA,NA,NA,NA,NA,58,NA,NA,NA,NA,NA,NA,NA,19165,NA,NA,NA,NA,NA,NA,NA
Quinta Roo,2015,31075,NA,NA,NA,NA,NA,NA,NA,NA,16,NA,NA,NA,NA,NA,NA,NA,31059,NA,NA,NA,NA,NA,NA,NA
Quinta Roo,2016,23156,NA,NA,NA,NA,NA,NA,NA,NA,128,NA,NA,NA,NA,NA,NA,NA,23028,NA,NA,NA,NA,NA,NA,NA
Quinta Roo,2017,33172,NA,1,NA,NA,NA,NA,0,NA,60,NA,NA,NA,NA,NA,NA,NA,33111,NA,NA,NA,NA,NA,NA,NA
Quinta Roo,2018,52448,NA,51,NA,NA,NA,NA,0,NA,46,NA,NA,NA,NA,NA,NA,NA,52350,NA,NA,NA,NA,NA,NA,NA
San Luis Potosí,2007,4788268,116222,NA,19765,29033,91439,74285,72042,236686,7291,1127881,31742,276529,NA,2021705,6328,NA,304451,NA,739,NA,NA,372130,NA,NA
San Luis Potosí,2008,4528943,148423,NA,24664,18417,82546,70997,83835,268865,13857,861497,45792,300314,19820,1824833,4901,52260,22165,227082,479,NA,NA,458196,NA,NA
San Luis Potosí,2009,3559105,125807,NA,22429,12646,42875,60984,75472,203535,14979,521272,42207,251372,17921,1561180,2816,NA,45523,263672,288,14819,NA,279308,NA,NA
San Luis Potosí,2010,4825611,147314,NA,44636,17999,60981,77917,81911,213792,13817,611308,51537,305295,23323,2320960,NA,72697,5739,398806,NA,17711,NA,359867,NA,NA
San Luis Potosí,2011,5755599,182791,NA,49435,20202,77739,71668,88457,349546,12712,615461,72575,408235,26263,2875460,NA,62035,5888,358211,349,NA,NA,478573,NA,NA
San Luis Potosí,2012,7224414,177798,NA,39415,21380,78078,58511,104959,531925,13094,573304,79698,471735,38710,4121435,NA,51591,7149,265688,NA,NA,NA,589945,NA,NA
San Luis Potosí,2013,7803665,242568,NA,NA,21974,84450,60099,106960,480614,17125,518835,57386,316821,74492,4847189,NA,60279,53629,246798,NA,NA,NA,614446,NA,NA
San Luis Potosí,2014,8476833,211208,NA,36767,23869,93948,54010,91396,447602,23808,482369,52649,238952,77573,5990782,NA,80027,9908,46006,NA,NA,NA,515960,NA,NA
San Luis Potosí,2015,9806397,265316,NA,27197,27464,82770,60560,83350,452088,56397,509792,47312,824192,126054,6482069,NA,86797,12398,23867,NA,0,NA,638774,NA,NA
San Luis Potosí,2016,9505026,294967,NA,NA,27480,78321,109550,78129,420969,54761,462035,44181,752257,141423,6363733,NA,41212,37882,30800,NA,0,NA,567325,NA,NA
San Luis Potosí,2017,13360588,241717,NA,NA,30227,82167,93898,92679,422568,76247,541919,59228,807165,173286,9944139,NA,60054,25085,35041,NA,NA,NA,675169,NA,NA
San Luis Potosí,2018,15178105,258371,NA,24052,23428,80766,23823,90819,455608,67474,615648,79592,817618,208007,11572501,NA,71863,8250,47605,NA,NA,NA,732681,NA,NA
Sinaloa,2007,324833,131124,1883,NA,NA,24896,351,NA,4769,18,NA,5457,NA,NA,123383,NA,NA,32951,NA,NA,NA,NA,NA,NA,NA
Sinaloa,2008,380924,131083,5835,NA,NA,18766,382,NA,4151,33,NA,10695,NA,NA,166765,NA,NA,29896,13318,NA,NA,NA,NA,NA,NA
Sinaloa,2009,208158,113302,3994,NA,NA,NA,906,0,3647,16,NA,11983,NA,NA,24944,0,NA,35011,14354,NA,NA,NA,NA,NA,NA
Sinaloa,2010,265118,127110,4146,NA,NA,10396,866,0,4515,NA,NA,16746,NA,NA,36087,0,NA,43765,21487,NA,NA,NA,NA,NA,NA
Sinaloa,2011,313569,201748,9110,NA,NA,NA,1216,NA,4353,NA,NA,16514,22067,NA,28345,NA,NA,9104,21110,NA,NA,NA,NA,NA,NA
Sinaloa,2012,449552,260983,8715,NA,NA,NA,569,0,9036,NA,NA,16641,31338,NA,51430,NA,NA,7962,62879,NA,NA,NA,NA,NA,NA
Sinaloa,2013,520444,260845,11456,NA,NA,NA,707,0,7646,NA,NA,19634,31404,NA,75599,0,NA,8938,104215,NA,NA,0,NA,NA,NA
Sinaloa,2014,769708,231054,18442,NA,NA,NA,1437,NA,7226,165,NA,30147,25956,NA,162005,0,NA,7495,285782,NA,NA,0,NA,NA,NA
Sinaloa,2015,1245917,687329,17854,NA,NA,NA,767,NA,6423,77,NA,25454,25990,NA,175197,0,NA,8053,298773,NA,NA,NA,NA,NA,NA
Sinaloa,2016,1283961,923689,15220,NA,NA,NA,NA,0,7477,292,NA,20605,22117,NA,188813,0,NA,8511,97237,NA,NA,NA,NA,NA,NA
Sinaloa,2017,960133,648666,17456,NA,NA,NA,NA,NA,10094,105,3042,21992,22711,NA,177872,NA,NA,58150,NA,NA,45,NA,NA,NA,NA
Sinaloa,2018,1103122,670778,17335,NA,0,NA,NA,NA,10810,14,1509,36540,29605,NA,216072,NA,NA,8961,111428,NA,69,NA,NA,NA,NA
Sonora,2007,12980383,180451,7507,42732,12910,277697,4350,629108,149403,5643,753071,416765,370835,2243848,4646217,116026,938501,17471,1531677,11951,NA,NA,624222,NA,NA
Sonora,2008,12035115,201052,44956,31280,8527,273017,7346,679523,123512,4527,484292,420788,368774,2145528,5478763,118755,479127,2028,464417,14286,NA,11379,673239,NA,NA
Sonora,2009,9380258,183782,46687,NA,67570,231199,16680,365051,116794,4265,295032,294701,250917,1204967,4647978,117844,511415,18495,402414,14206,455,NA,589804,NA,NA
Sonora,2010,13490936,182935,52378,34924,7611,268222,33496,477096,95261,10637,417499,356896,330676,1623065,7373649,123235,600643,6255,569073,10976,1558,NA,914852,NA,NA
Sonora,2011,14095225,235377,50191,NA,26286,219380,31739,496075,90906,6187,1114102,372065,370163,1494166,6700696,142330,917236,26204,959051,11245,1562,11507,818759,NA,NA
Sonora,2012,14638938,226507,55838,NA,39305,221047,38060,475372,139393,11583,1278714,410965,461116,1508754,6793366,125710,841764,28133,1122541,17424,2340,12440,828569,NA,NA
Sonora,2013,17816567,329291,133089,NA,21128,190730,47376,509483,144192,13580,1157891,497592,461216,1852647,9390805,130414,1165150,26713,823552,14472,1497,11672,894077,NA,NA
Sonora,2014,15611884,328310,231384,NA,28335,180264,48319,613607,130272,9940,589205,573499,412296,1970142,7130456,120029,1246378,27643,889474,8824,1194,15128,1057185,NA,NA
Sonora,2015,16895882,343137,214825,NA,26584,183124,99116,301610,154601,11335,875853,544962,432924,2074977,8012522,128607,1354402,24250,1104557,18463,1236,13034,975763,NA,NA
Sonora,2016,17544422,324734,193550,NA,26513,159160,99416,229318,164510,12188,798413,537529,414462,2018581,8016890,153364,1453449,18305,1875599,15350,970,19630,1012490,NA,NA
Sonora,2017,17443597,330273,291532,NA,25989,152676,119853,284778,144190,14443,758249,493615,344755,2361991,6619984,180293,1820493,26972,2423930,NA,751,23602,1025228,NA,NA
Sonora,2018,17727814,329769,384015,NA,29060,116245,123376,480876,173299,15168,782817,465247,295515,2267434,6725424,179814,1762737,26220,2350566,NA,627,20554,1199051,NA,NA
Tabasco,2007,8272595,19347,NA,NA,NA,NA,NA,658781,NA,5223,NA,NA,NA,NA,NA,NA,NA,1809,NA,NA,NA,NA,NA,7587435,NA
Tabasco,2008,9990789,29875,NA,NA,NA,NA,NA,420709,NA,4229,NA,NA,NA,NA,NA,NA,NA,837,NA,NA,NA,NA,NA,9535139,NA
Tabasco,2009,6968591,20370,NA,NA,NA,NA,NA,285220,NA,2200,NA,NA,NA,NA,NA,NA,NA,1151,NA,NA,NA,NA,NA,6659650,NA
Tabasco,2010,10608706,77088,NA,NA,NA,NA,NA,471569,NA,1318,NA,NA,NA,NA,NA,NA,NA,1546,NA,NA,NA,NA,NA,10057184,NA
Tabasco,2011,15545851,96806,NA,NA,NA,NA,NA,630281,NA,3451,NA,NA,NA,NA,NA,NA,NA,1135,NA,NA,NA,NA,NA,14814178,NA
Tabasco,2012,14748678,98242,NA,NA,NA,NA,NA,585087,NA,5777,NA,NA,NA,NA,NA,NA,NA,2986,NA,NA,NA,NA,NA,14056586,NA
Tabasco,2013,13050545,80376,NA,NA,NA,NA,NA,575992,NA,6687,NA,NA,NA,NA,NA,NA,NA,1109,NA,NA,NA,NA,NA,12386380,NA
Tabasco,2014,11295467,57179,1151,NA,NA,NA,NA,535261,0,8020,NA,NA,NA,NA,NA,NA,NA,2311,NA,NA,NA,NA,NA,10691544,NA
Tabasco,2015,6603627,78170,469,NA,NA,NA,NA,617528,NA,2236,NA,NA,NA,NA,NA,NA,NA,889,NA,NA,NA,NA,NA,5904337,NA
Tabasco,2016,5370753,85477,553,NA,NA,NA,NA,138521,NA,1372,NA,NA,NA,NA,NA,NA,NA,2674,NA,NA,NA,NA,NA,5142157,NA
Tabasco,2017,6412526,67694,69,NA,NA,NA,NA,149992,NA,934,NA,NA,NA,NA,NA,NA,NA,7385,NA,NA,NA,NA,NA,6186453,NA
Tabasco,2018,6929435,70068,283,NA,NA,NA,NA,193007,NA,277,NA,NA,NA,NA,NA,NA,NA,11504,NA,NA,NA,NA,NA,6654297,NA
Tamaulipas,2007,22517429,179363,2673,NA,70290,124432,104028,2521431,353545,193018,11207,770056,1230094,8670253,4254001,173391,828148,314206,NA,NA,5806,NA,2332117,379372,NA
Tamaulipas,2008,23850568,248042,4412,NA,115455,101764,95771,2381432,363972,156559,9605,994224,1236605,10268277,3043375,163316,1014600,19116,NA,NA,5016,39602,2540895,433415,615113
Tamaulipas,2009,18320316,239478,6000,NA,60228,54313,145947,1931668,340017,131736,27448,663525,732854,7908727,2104291,143794,935033,383477,NA,82559,6610,27531,2138940,256140,NA
Tamaulipas,2010,21294755,266267,10065,NA,46765,51167,111210,2546648,529231,159695,8069,960593,1106207,8072526,2835944,121541,1048814,302475,NA,NA,4406,56525,2697422,359185,NA
Tamaulipas,2011,22084503,405817,10410,NA,62181,49451,116798,3304642,566367,171388,21825,892523,1452510,7236670,3077492,142897,1121429,373496,NA,NA,2788,51699,2530314,493806,NA
Tamaulipas,2012,22268196,337087,10113,NA,52184,41411,107285,2657481,593283,219465,27456,961750,1486053,7484475,3458868,350654,1119665,267303,NA,NA,3547,87046,2598212,404857,NA
Tamaulipas,2013,22929248,240507,13135,NA,30345,35220,108206,2998534,613878,207787,45029,901973,1755531,7092831,3726335,507410,1277171,363990,NA,NA,4060,127269,2452921,427117,NA
Tamaulipas,2014,27397995,197790,7500,NA,29220,41461,141768,3109429,649951,225801,59156,944303,1343552,8054417,6529666,546532,1497657,105312,NA,NA,1835,NA,3195984,356385,360278
Tamaulipas,2015,26300101,187620,3932,NA,28582,35922,77620,2559765,503680,231087,50418,552605,2172712,6743420,7740855,605304,1615541,155528,NA,NA,1376,171145,2678479,184511,NA
Tamaulipas,2016,24926225,198830,3377,NA,25457,36706,50476,2153209,526074,219601,33819,611099,2201450,6327180,7062162,609902,1671982,128293,NA,NA,703,228715,2681366,155823,NA
Tamaulipas,2017,25507316,201956,83258,NA,34685,46897,94921,2134698,465978,242769,33337,671291,2612280,6621536,6836691,668598,1708056,135571,NA,NA,546,184978,2615809,113463,NA
Tamaulipas,2018,27039321,160197,90052,NA,36782,47584,112823,2048227,603686,285667,39910,734738,2777201,7115405,7271348,680318,1880242,79089,NA,NA,617,190573,2712410,172452,NA
Tlaxcala,2007,746244,24547,NA,8886,4225,181485,20295,96061,20645,80204,31252,NA,NA,NA,37104,NA,3479,238062,NA,NA,NA,NA,NA,NA,NA
Tlaxcala,2008,870812,15768,NA,5348,3678,122517,20188,128301,38513,231384,50319,NA,NA,NA,51070,NA,NA,203727,NA,NA,NA,NA,NA,NA,NA
Tlaxcala,2009,645311,13718,NA,8696,2672,111370,13357,109433,50183,147670,2628,NA,NA,NA,54716,NA,NA,130868,NA,NA,NA,NA,NA,NA,NA
Tlaxcala,2010,816038,65513,NA,13787,3474,117513,19102,172773,70643,105745,3305,NA,NA,NA,93388,NA,NA,150794,NA,NA,NA,NA,NA,NA,NA
Tlaxcala,2011,937983,21544,NA,16817,1568,120120,26860,260588,75304,145404,NA,NA,NA,NA,114516,NA,NA,155262,NA,NA,NA,NA,NA,NA,NA
Tlaxcala,2012,1016392,22249,NA,14619,1446,111225,18506,219555,106125,167132,21578,NA,NA,NA,124560,NA,NA,209398,NA,NA,NA,NA,NA,NA,NA
Tlaxcala,2013,1238637,17978,NA,26366,911,125165,11172,269387,105687,295042,18734,NA,NA,NA,148730,NA,NA,219465,NA,NA,NA,NA,NA,NA,NA
Tlaxcala,2014,1278537,5087,NA,27999,NA,108182,11307,231194,107775,385231,42258,NA,NA,NA,138834,NA,NA,220668,NA,NA,NA,NA,NA,NA,NA
Tlaxcala,2015,1307252,6698,NA,41278,1987,88707,9666,264539,110857,411156,34568,NA,NA,NA,137767,NA,NA,200028,NA,NA,NA,NA,NA,NA,NA
Tlaxcala,2016,1310801,NA,NA,39889,NA,81368,NA,248487,113745,413598,24215,NA,NA,NA,162530,NA,NA,95904,NA,NA,NA,NA,131066,NA,NA
Tlaxcala,2017,1379963,NA,NA,39738,NA,101399,72307,179008,89559,417308,22518,NA,NA,NA,232542,NA,NA,95356,NA,NA,NA,NA,130228,NA,NA
Tlaxcala,2018,1439637,NA,NA,37059,NA,104902,67083,196793,84563,444012,23392,NA,NA,33977,248571,NA,NA,64269,NA,NA,NA,NA,135015,NA,NA
Veracruz de Ignacio de la Llave,2007,4270075,411482,NA,NA,NA,NA,25381,1418518,33510,26724,1048536,33575,156018,NA,NA,NA,NA,338489,NA,19097,NA,NA,NA,758744,NA
Veracruz de Ignacio de la Llave,2008,5432207,616871,124563,NA,NA,51899,31578,1257446,42287,27931,1116028,49106,139408,NA,6391,NA,NA,51980,NA,16897,NA,NA,NA,1300246,599575
Veracruz de Ignacio de la Llave,2009,4106797,585649,92157,NA,NA,31666,16884,1165040,38914,25880,832863,31062,56278,NA,NA,NA,NA,447404,NA,14579,NA,NA,NA,768421,NA
Veracruz de Ignacio de la Llave,2010,5172168,514718,95634,NA,NA,NA,15501,1346364,44704,25209,994753,85017,99460,NA,NA,NA,NA,498535,NA,15531,NA,NA,NA,1436741,NA
Veracruz de Ignacio de la Llave,2011,6745681,898531,100027,NA,NA,NA,21922,1775115,60286,35438,1122008,49947,176395,NA,NA,NA,NA,482083,29347,19357,NA,NA,NA,1975224,NA
Veracruz de Ignacio de la Llave,2012,6984283,747774,111584,NA,NA,NA,18077,1648638,67300,38280,1284524,47224,203144,NA,2428,NA,NA,406501,21045,19240,0,NA,NA,2368523,NA
Veracruz de Ignacio de la Llave,2013,7503947,1058550,110448,NA,NA,NA,23390,1771301,58985,45617,1541597,55689,145498,NA,4260,NA,NA,532722,NA,20307,NA,NA,NA,2135583,NA
Veracruz de Ignacio de la Llave,2014,7242794,905895,125922,NA,NA,NA,14000,1921840,51357,48289,1611026,71832,138179,NA,1227,NA,NA,549400,NA,21903,NA,NA,NA,1781924,NA
Veracruz de Ignacio de la Llave,2015,5437056,1002466,130646,NA,NA,NA,10336,1660896,51038,35856,1179545,72685,70186,NA,12589,NA,NA,265072,NA,23189,NA,NA,NA,922553,NA
Veracruz de Ignacio de la Llave,2016,4339857,844671,137272,NA,NA,NA,12004,1009503,58682,35752,1064028,51422,42410,NA,31898,NA,NA,249783,NA,23317,NA,NA,NA,779115,NA
Veracruz de Ignacio de la Llave,2017,5362862,1090657,200953,NA,NA,NA,21848,1341901,63491,41684,1225656,121463,52944,NA,NA,NA,NA,252484,NA,22390,NA,0,NA,927391,NA
Veracruz de Ignacio de la Llave,2018,5958586,1030307,201506,NA,NA,NA,16369,1416675,86031,46269,1433665,159275,76468,NA,1854,NA,NA,197791,NA,21235,NA,0,4129,1267011,NA
Yucatán,2007,1146549,65224,3005,9370,32148,420648,NA,446,23479,3894,NA,NA,8415,NA,NA,NA,471486,108433,NA,NA,NA,NA,NA,NA,NA
Yucatán,2008,1089135,56813,1639,11485,29803,391434,NA,801,36714,5665,NA,NA,9733,NA,NA,NA,395714,149093,NA,242,NA,NA,NA,NA,NA
Yucatán,2009,1033444,57801,1618,10242,16879,308963,NA,NA,35976,1790,NA,NA,5310,NA,99589,NA,460692,34584,NA,NA,NA,NA,NA,NA,NA
Yucatán,2010,1200007,63593,3682,10169,22856,295467,NA,NA,39993,1486,NA,0,10459,NA,136722,24776,564247,26558,NA,NA,NA,NA,NA,NA,NA
Yucatán,2011,1326400,83419,433,13140,23791,319150,NA,1647,51117,1318,NA,NA,13352,NA,199393,NA,567497,48546,NA,NA,3596,NA,NA,NA,NA
Yucatán,2012,1328358,107538,NA,4878,29624,307618,NA,NA,64067,1125,NA,NA,13534,NA,194545,NA,541407,60855,NA,NA,3167,NA,NA,NA,NA
Yucatán,2013,1216999,65895,NA,10904,31680,315699,NA,3068,67432,3772,NA,0,17443,NA,172737,NA,498205,27405,NA,NA,2761,NA,NA,NA,NA
Yucatán,2014,1422476,170744,589,12179,27294,310566,NA,1032,64811,912,NA,0,19868,NA,192452,NA,580398,38573,NA,NA,3058,NA,NA,NA,NA
Yucatán,2015,1470940,177258,764,11166,38648,312955,NA,727,63398,857,NA,0,17857,NA,187523,NA,610528,42256,NA,942,6061,0,NA,NA,NA
Yucatán,2016,1262655,196157,407,8196,39074,287270,NA,837,57787,1139,NA,NA,17481,NA,199069,NA,424212,25524,NA,NA,5500,0,NA,NA,NA
Yucatán,2017,962964,56363,343,6755,32163,266181,NA,NA,42663,921,NA,NA,13585,NA,204851,NA,292852,46288,NA,NA,NA,NA,NA,NA,NA
Yucatán,2018,1036948,58979,4353,NA,28307,291238,NA,NA,43224,575,NA,NA,11453,NA,214638,NA,341232,39000,NA,665,1907,0,1377,NA,NA
Zacatecas,2007,2114570,34414,77091,NA,NA,17971,NA,NA,NA,NA,NA,NA,NA,NA,1641845,NA,NA,80681,262569,NA,NA,NA,NA,NA,NA
Zacatecas,2008,2420351,45186,NA,NA,NA,19566,NA,NA,NA,195,NA,NA,NA,NA,2025834,NA,NA,141759,187811,NA,NA,NA,NA,NA,NA
Zacatecas,2009,1634147,37725,26242,NA,NA,18940,NA,NA,NA,252,NA,NA,NA,NA,1086054,NA,NA,123120,341814,NA,NA,NA,NA,NA,NA
Zacatecas,2010,2277322,42115,NA,NA,NA,20146,NA,NA,NA,700,NA,NA,NA,NA,1239739,NA,NA,359303,615318,NA,NA,NA,NA,NA,NA
Zacatecas,2011,3223110,50803,NA,NA,NA,18178,NA,NA,NA,NA,NA,809,NA,NA,1386928,NA,NA,283630,1482762,NA,NA,NA,NA,NA,NA
Zacatecas,2012,3545856,60664,NA,NA,NA,16387,NA,NA,NA,2377,NA,NA,NA,NA,1359388,NA,NA,310772,1796267,NA,NA,NA,NA,NA,NA
Zacatecas,2013,3489501,66312,NA,NA,NA,NA,NA,NA,NA,2388,NA,NA,NA,NA,1498597,NA,NA,738401,1183804,NA,NA,NA,NA,NA,NA
Zacatecas,2014,3086747,77064,NA,NA,NA,NA,NA,NA,NA,3096,NA,NA,NA,NA,150901,NA,NA,1209753,1645934,NA,NA,NA,NA,NA,NA
Zacatecas,2015,3325166,48521,NA,NA,NA,NA,NA,NA,NA,NA,NA,NA,NA,NA,207870,NA,NA,1291484,1777291,NA,NA,NA,NA,NA,NA
Zacatecas,2016,2793508,46088,NA,NA,NA,19530,NA,NA,NA,1764,NA,NA,NA,NA,335567,NA,NA,1218103,1172456,NA,NA,NA,NA,NA,NA
Zacatecas,2017,3026697,22455,NA,NA,NA,NA,NA,NA,NA,927,NA,NA,NA,NA,665934,NA,NA,841993,1495388,NA,NA,NA,NA,NA,NA
Zacatecas,2018,3073248,60518,NA,NA,NA,NA,NA,NA,NA,35,NA,NA,NA,NA,666341,NA,NA,1233029,1113325,NA,NA,NA,NA,NA,NA
